{"1":{"id8141":360.24294,"id1594":444.953632,"id1849":364.136849,"id1230":413.836124,"id1948":502.953953},"2":{"id8141":149.910199,"id1594":166.985655,"id1849":183.628767,"id1230":184.375703,"id1948":173.237159},"3":{"id8141":11950.7,"id1594":11788.4,"id1849":11806.2,"id1230":11916.8,"id1948":12468.3}}